<?xml version="1.0" encoding="utf-8" standalone="yes"?>
<rss version="2.0" xmlns:atom="http://www.w3.org/2005/Atom">
  <channel>
    <title>Notes on Ja-Yuan&#39;s Portfolio</title>
    <link>https://hugo-toha.github.io/notes/</link>
    <description>Recent content in Notes on Ja-Yuan&#39;s Portfolio</description>
    <generator>Hugo -- gohugo.io</generator>
    <language>en-us</language>
    <lastBuildDate>Tue, 08 Jun 2010 08:06:25 +0600</lastBuildDate><atom:link href="https://hugo-toha.github.io/notes/index.xml" rel="self" type="application/rss+xml" />
    
    
    
    
    
    
    
    
    
    
    
    
    
  </channel>
</rss>
